embed_name	status	target
1010-color-match.html	OK	https://ubg98.github.io/1010ColorMatch/
1v1lol.html	OK	https://1v1lolunblocked.com/games/1v1-lol/index.html
2048.html	OK	https://jasongamesdev.github.io/2048/
3-pandas-in-japan.html	OK	https://ubg98.github.io/3PandasInJapan/
3d-bowling.html	OK	https://ubg98.github.io/3DBowling/
3d-free-kick.html	OK	https://jasongamesdev.github.io/3d-free-kick/
4th-and-goal-2022.html	OK	https://jasongamesdev.github.io/4th-and-goal-2022/
8-ball-pool.html	OK	https://jasongamesdev.github.io/8-ball-pool/
a-small-world-cup.html	OK	https://jasongamesdev.github.io/a-small-world-cup/
adam-and-eve-5-p1.html	OK	https://ubg98.github.io/AdamAndEve51/
adam-and-eve-5-p2.html	OK	https://ubg98.github.io/AdamAndEve52/
adam-and-eve-6.html	OK	https://ubg98.github.io/AdamAndEve6/
adam-and-eve-7.html	OK	https://ubg98.github.io/AdamAndEve7/
adventure-drivers.html	OK	https://ubg98.github.io/AdventureDrivers/
age-of-war.html	OK	https://ageofwarunblocked.github.io/
among-us.html	OK	https://jasongamesdev.github.io/among-us/
apple-shooter.html	OK	https://jasongamesdev.github.io/apple-shooter/
aquaparkio.html	OK	https://jasongamesdev.github.io/aquapark.io/
arcade-car-driving.html	OK	https://jasongamesdev.github.io/arcade-car-driving/
archery.html	OK	https://jasongamesdev.github.io/archery/
awesome-tanks-2.html	OK	https://jasongamesdev.github.io/awesome-tanks-2/
awesome-tanks-2s.html	OK	https://jasongamesdev.github.io/awesome-tanks-2s/
awesome-tanks.html	OK	https://jasongamesdev.github.io/awesome-tanks/
axis-football.html	OK	https://jasongamesdev.github.io/axis-football/
backyard-baseball.html	OK	https://jasongamesdev.github.io/backyard-baseball/
backyard-football.html	OK	https://jasongamesdev.github.io/backyard-football/
bacon-may-die.html	OK	https://baconmay-die.github.io/file/
bad-ice-cream-2.html	OK	https://jasongamesdev.github.io/bad-ice-cream-2/
bad-ice-cream-3.html	OK	https://jasongamesdev.github.io/bad-ice-cream-3/
bad-ice-cream.html	OK	https://jasongamesdev.github.io/bad-ice-cream/
baldi-s-basics.html	OK	https://jasongamesdev.github.io/baldi-s-basics/
baldis-basics.html	OK	https://jasongamesdev.github.io/baldi-s-basics/
ball-sort-halloween.html	OK	https://ubg98.github.io/BallSortHalloween/
ball-sort-puzzle.html	OK	https://ubg98.github.io/BallSortPuzzle/
ball-sort-soccer.html	OK	https://ubg98.github.io/BallSortSoccer/
ballistic.html	OK	https://jasongamesdev.github.io/ballistic/
baseball-9.html	OK	https://jasongamesdev.github.io/baseball-9/
baseball-bros.html	OK	https://jasongamesdev.github.io/baseball-bros/
basket-and-ball.html	OK	https://ubg98.github.io/BasketAndBall/
basket-champs.html	OK	https://jasongamesdev.github.io/basket-champs/
basket-random.html	OK	https://jasongamesdev.github.io/basket-random/
basketball-legends-2020.html	OK	https://ubg98.github.io/BasketballLegends2020/
basketball-legends.html	OK	https://jasongamesdev.github.io/basketball-legends/
basketball-line.html	OK	https://ubg98.github.io/BasketballLine/
basketball-stars.html	OK	https://jasongamesdev.github.io/basketball-stars/
big-shot-boxing.html	OK	https://jasongamesdev.github.io/big-shot-boxing/
big-tower-tiny-square.html	OK	https://ubg98.github.io/BigTowerTinySquare/
biker-street.html	OK	https://ubg98.github.io/BikerStreet/
bit-life.html	OK	https://jasongamesdev.github.io/bit-life/
bitlife.html	OK	https://jasongamesdev.github.io/bit-life/
blackjack.html	OK	https://jasongamesdev.github.io/blackjack/
block-blast.html	OK	https://jasongamesdev.github.io/block-blast/
block-breaker.html	OK	https://jasongamesdev.github.io/block-breaker/
block-the-pig.html	OK	https://ubg98.github.io/BlockThePig/
bloons-tower-defense-3.html	OK	https://ubgwtf.gitlab.io/bloons-tower-defense-3/
blumgi-rocket.html	OK	https://majesticwafer.github.io/BlumgiRocket/
blumgi-slime.html	OK	https://ubg98.github.io/BlumgiSlime/
bod-the-robber-2.html	OK	https://bobtherobberunblocked.github.io/2/
bomb-it-6.html	OK	https://ubg98.github.io/BombIt6/
bomb-it-7.html	OK	https://ubg98.github.io/BombIt7/
bossy-toss.html	OK	https://jasongamesdev.github.io/bossy-toss/
bottle-flip.html	OK	https://jasongamesdev.github.io/bottle-flip/
bouncy-woods.html	OK	https://ubg98.github.io/BouncyWoods/
boxing-random.html	OK	https://jasongamesdev.github.io/boxing-random/
brick-breaker.html	OK	https://jasongamesdev.github.io/brick-breaker/
bubble-pop-adventures.html	OK	https://ubg98.github.io/BubblePopAdventures/
bubble-shooter.html	OK	https://jasongamesdev.github.io/bubble-shooter/
bus-parking-3d.html	OK	https://busparking3d.github.io/
capybara-clicker.html	OK	https://cmug.gitlab.io/capybara-clicker-pro/
car-game-simulator.html	OK	https://jasongamesdev.github.io/car-game-simulator/
car-parking.html	OK	https://jasongamesdev.github.io/car-parking/
car-rush.html	OK	https://ubg98.github.io/CarRush/
car-traffic-racing.html	OK	https://jasongamesdev.github.io/car-traffic-racing/
cat-mario.html	OK	https://www.drop-the-cat.com/games/cat-mario/index.html
checkers-legend.html	OK	https://ubg98.github.io/CheckersLegend/
cheese-chompers-3d.html	OK	https://jasongamesdev.github.io/cheese-chompers-3d/
chess.html	OK	https://jasongamesdev.github.io/chess/
chickens-merge.html	OK	https://ubg98.github.io/ChickenMerge/
classic-uno.html	OK	https://jasongamesdev.github.io/classic-uno/
cluster-rush.html	OK	https://jasongamesdev.github.io/cluster-rush/
color-tunnel.html	OK	https://jasongamesdev.github.io/color-tunnel/
cookie-clicker-2.html	OK	https://ubg98.github.io/CookieClicker2/
cookie-clicker.html	OK	https://jasongamesdev.github.io/cookie-clicker/
coreball.html	OK	https://jasongamesdev.github.io/coreball/
crazy-cars.html	OK	https://ubg98.github.io/CrazyCars/
crazy-cattle-3d.html	OK	https://jasongamesdev.github.io/crazy-cattle-3d/
crossy-road.html	OK	https://jasongamesdev.github.io/crossy-road/
cubefield.html	OK	https://ubg98.github.io/Cubefield/
cupcake-2048.html	OK	https://jasongamesdev.github.io/cupcake-2048/
cyber-cars-punk-racing.html	OK	https://ubgwtf.gitlab.io/cyber-cars-punk-racing/
dead-again.html	OK	https://ubg98.github.io/DeadAgain/
death-chase.html	OK	https://ubgwtf.gitlab.io/death-chase/
dig-to-china.html	OK	https://jasongamesdev.github.io/dig-to-china/
dino-game.html	OK	https://jasongamesdev.github.io/dino-game/
dinosaur-game.html	OK	https://jasongamesdev.github.io/dinosaur-game/
dinosaurs-merge-master.html	OK	https://ubg98.github.io/DinosaursMergeMaster/
doodle-baseball.html	OK	https://jasongamesdev.github.io/doodle-baseball/
doodle-champion-island.html	OK	https://jasongamesdev.github.io/doodle-champion-island/
doodle-cricket.html	OK	https://jasongamesdev.github.io/doodle-cricket/
doodle-jump-christmas.html	OK	https://jasongamesdev.github.io/doodle-jump-christmas/
doodle-jump.html	OK	https://jasongamesdev.github.io/doodle-jump/
dragon-ball-z.html	OK	https://jasongamesdev.github.io/dragon-ball-z/
dragon-simulator-3d.html	OK	https://jasongamesdev.github.io/dragon-simulator-3d/
dreadhead-parkour.html	OK	https://jasongamesdev.github.io/dreadhead-parkour/
drift-boss.html	OK	https://jasongamesdev.github.io/drift-boss/
drift-hunters.html	OK	https://jasongamesdev.github.io/drift-hunters/
drift-io.html	OK	https://ubgwtf.gitlab.io/drift-io/
drive-mad.html	OK	https://jasongamesdev.github.io/drive-mad/
e-scooter.html	OK	https://escooterunblocked.github.io/
eaglercraft.html	OK	https://jasongamesdev.github.io/eaglercraft/
easy-chess.html	OK	https://jasongamesdev.github.io/easy-chess/
eggy-car.html	OK	https://jasongamesdev.github.io/eggy-car/
endless-truck.html	OK	https://endlesstruck.github.io/
escape-road.html	OK	https://jasongamesdev.github.io/escape-road/
fire-truck.html	OK	https://firetruckunblocked.github.io/
fireboy-and-watergirl.html	OK	https://jasongamesdev.github.io/fireboy-and-watergirl/
fireboy-watergirl-2.html	OK	https://fireboyandwatergirlunblocked.github.io/2/
fireboy-watergirl-3.html	OK	https://fireboyandwatergirlunblocked.github.io/3/
fireboy-watergirl-4.html	OK	https://fireboyandwatergirlunblocked.github.io/4/
fireboy-watergirl-5.html	OK	https://fireboyandwatergirlunblocked.github.io/5/
fireboy-watergirl-6.html	OK	https://fireboyandwatergirlunblocked.github.io/6/
fish-eat-fish.html	OK	https://fisheatfishunblocked.github.io/
fishing-and-lines.html	OK	https://ubg98.github.io/FishingAndLines/
fishing-frenzy.html	OK	https://ubg98.github.io/FishingFrenzy/
five-nights-at-freddy.html	OK	https://jasongamesdev.github.io/five-nights-at-freddy/
five-nights-at-freddys-3.html	OK	https://fnafunblocked.github.io/3/
five-nights-at-freddys-4.html	OK	https://fnafunblocked.github.io/4/
five-nights-at-freddys-5.html	OK	https://fnafunblocked.github.io/5/
five-nights-at-freddys.html	OK	https://jasongamesdev.github.io/five-nights-at-freddy/
flappy-bird.html	OK	https://jasongamesdev.github.io/flappy-bird/
flappy-dunk.html	OK	https://jasongamesdev.github.io/flappy-dunk/
fleeing-the-complex.html	OK	https://htmlxm.github.io/h7/fleeing-the-complex
flying-gorilla.html	OK	https://jasongamesdev.github.io/flying-gorilla/
fnaf-2.html	OK	https://jasongamesdev.github.io/fnaf-2/
football-brawl.html	OK	https://ubg98.github.io/FootballBrawl/
football-legends.html	OK	https://ubg98.github.io/FootballLegends/
football-masters.html	OK	https://ubg98.github.io/FootballMasters/
football-strike.html	OK	https://ubg98.github.io/FootballStrike/
football-us.html	OK	https://jasongamesdev.github.io/football-us/
freecell-solitaire.html	OK	https://freecellsolitaire.github.io/
friday-night-funkin.html	OK	https://jasongamesdev.github.io/friday-night-funkin/
fruit-merge.html	OK	https://jasongamesdev.github.io/fruit-merge/
fruit-ninja.html	OK	https://ubg98.github.io/FruitNinja/
fruita-crush.html	OK	https://ubg98.github.io/FruitaCrush/
funny-shooter-2.html	OK	https://jasongamesdev.github.io/funny-shooter-2/
g-switch-2.html	OK	https://ubg98.github.io/GSwitch2/
g-switch-3.html	OK	https://jasongamesdev.github.io/g-switch-3/
g-switch-4.html	OK	https://ubg98.github.io/GSwitch4/
g-switch.html	OK	https://jasongamesdev.github.io/g-switch/
game-of-farmers.html	OK	https://ubgwtf.gitlab.io/game-of-farmers/
geometry-dash-lite.html	OK	https://jasongamesdev.github.io/geometry-dash-lite/
geometry-dash-subzero.html	OK	https://jasongamesdev.github.io/geometry-dash-subzero/
geometry-dash.html	OK	https://ubg98.github.io/GeometryDash/
geometry-jump.html	OK	https://ubg98.github.io/GeometryJump/
getaway-shootout.html	OK	https://jasongamesdev.github.io/getaway-shootout/
getting-over-it.html	OK	https://jasongamesdev.github.io/getting-over-it/
gobdun.html	OK	https://ubg98.github.io/Gobdun/
gold-digger-frvr.html	OK	https://ubgwtf.gitlab.io/gold-digger-frvr/
gp-moto-racing-3.html	OK	https://ubgwtf.gitlab.io/gp-moto-racing-3/
granny-2.html	OK	https://jasongamesdev.github.io/granny-2/
granny.html	OK	https://jasongamesdev.github.io/granny/
grindcraft-remastered.html	OK	https://ubgwtf.gitlab.io/grindcraft-remastered/
guess-the-kitty.html	OK	https://ubg98.github.io/GuessTheKitty/
gunspin-2.html	OK	https://jasongamesdev.github.io/gunspin2/
gunspin2.html	OK	https://storeg223.github.io/g5/class-533/
hanger.html	OK	https://ubg98.github.io/Hanger/
happy-fishing.html	OK	https://ubg98.github.io/HappyFishing/
happy-wheels.html	OK	https://jasongamesdev.github.io/happy-wheels/
head-soccer-2023.html	OK	https://ubg98.github.io/HeadSoccer2023/
heads-arena-soccer-all-stars.html	OK	https://ubg98.github.io/HeadsArenaSoccerAllStars/
henry-stickminbreaking-the-bank.html	OK	https://ubgwtf.gitlab.io/breaking-the-bank/
henry-stickminescaping-the-prison.html	OK	https://ubgwtf.gitlab.io/escaping-the-prison/
hexanautio.html	OK	https://jasongamesdev.github.io/hexanaut.io/
highway-bike-simulator.html	OK	https://ubgwtf.gitlab.io/highway-bike-simulator/
highway-rider-extreme.html	OK	https://jasongamesdev.github.io/highway-rider-extreme/
highway-traffic.html	OK	https://jasongamesdev.github.io/highway-traffic/
hill-climb-racing.html	OK	https://jasongamesdev.github.io/hill-climb-racing/
hop-pop-it.html	OK	https://ubg98.github.io/HopPopIt/
house-of-hazards.html	OK	https://jasongamesdev.github.io/house-of-hazards/
hover-racer-drive.html	OK	https://ubgwtf.gitlab.io/hover-racer-drive/
icy-purple-head-2.html	OK	https://ubg98.github.io/IcyPurpleHead2/
icy-purple-head-3.html	OK	https://ubg98.github.io/IcyPurpleHead3/
idle-breakout.html	OK	https://jasongamesdev.github.io/idle-breakout/
idle-dice.html	OK	https://jasongamesdev.github.io/idle-dice/
idle-digging-tycoon.html	OK	https://ubgwtf.gitlab.io/idle-digging-tycoon/
idle-mining-empire.html	OK	https://ubg98.github.io/IdleMiningEmpire/
idle-restaurants.html	OK	https://ubg98.github.io/IdleRestaurants/
indian-uphill-bus-simulator-3d.html	OK	https://ubgwtf.gitlab.io/indian-uphill-bus-simulator-3d/
infinite-craft.html	OK	https://cmug.gitlab.io/infinite-craft/
infinite-soccer.html	OK	https://ubg98.github.io/InfiniteSoccer/
iron-snout-2.html	OK	https://ubgwtf.gitlab.io/iron-snout-2/
iron-snout.html	OK	https://ubg98.github.io/IronSnout/
jelly-truck.html	OK	https://jasongamesdev.github.io/jelly-truck/
jellycar-worlds.html	OK	https://ubgwtf.gitlab.io/jellycar-worlds/
jump-monster.html	OK	https://ubgwtf.gitlab.io/jump-monster/
klondike-solitaire.html	OK	https://klondikesolitaire.github.io/
level-devil.html	OK	https://jasongamesdev.github.io/level-devil/
little-alchemy-2.html	OK	https://jasongamesdev.github.io/little-alchemy-2/
little-alchemy.html	OK	https://jasongamesdev.github.io/little-alchemy/
madalin-stunt-cars-2.html	OK	https://jasongamesdev.github.io/madalin-stunt-cars-2/
madness-project-nexus.html	OK	https://script.google.com/macros/s/AKfycbwbI_tB1kBbU8iWhPYtjOOapSLTPAV2XHS6e1pB2WurlD2gzMxuZHd59YtI9VSNj68a/exec
magikmon.html	OK	https://ubgwtf.gitlab.io/magikmon/
make-it-meme.html	OK	https://jasongamesdev.github.io/make-it-meme/
marbles-sorting.html	OK	https://ubg98.github.io/MarblesSorting/
merge-cyber-racers.html	OK	https://ubgwtf.gitlab.io/merge-cyber-racers/
merge-round-racers.html	OK	https://ubgwtf.gitlab.io/merge-round-racers/
minecraft-case-simulator.html	OK	https://ubg98.github.io/MinecraftCaseSimulator/
minecraft-classic-sandbox.html	OK	https://minecraft-free-online.github.io/minecraft-github/
minesweeper.html	OK	https://jasongamesdev.github.io/minesweeper/
mini-shooters.html	OK	https://cmug.gitlab.io/mini-shooters/
mob-city.html	OK	https://iframe.unblocked-76-games.org/mob-city-main
monkey-mart.html	OK	https://jasongamesdev.github.io/monkey-mart/
mortal-kombat-4.html	OK	https://script.google.com/macros/s/AKfycbyqEY_4xAj8cxYxDVbOSLqjOMx5P3J_RExX4XYMvrZD9qFpb1QunqOSGZ5q_TsGFzvYew/exec
moto-x3m-2.html	OK	https://motox3munblocked.github.io/2/
moto-x3m-3.html	OK	https://ubgwtf.gitlab.io/motox3m-3/
moto-x3m-4-winter.html	OK	https://jasongamesdev.github.io/moto-x3m-4-winter/
moto-x3m-5-pool-party.html	OK	https://jasongamesdev.github.io/moto-x3m-5-pool-party/
moto-x3m-6-spooky-land.html	OK	https://jasongamesdev.github.io/moto-x3m-6-spooky-land/
moto-x3m.html	OK	https://jasongamesdev.github.io/moto-x3m/
moto-x3ms.html	OK	https://jasongamesdev.github.io/moto-x3ms/
mr-bullet-3d.html	OK	https://ubg98.github.io/MrBullet3D/
mr-bullet.html	OK	https://ubg98.github.io/MrBullet/
murder.html	OK	https://jasongamesdev.github.io/murder/
need-for-speed-dirft-car.html	OK	https://jasongamesdev.github.io/need-for-speed-dirft-car/
need-for-speed-drift-car.html	OK	https://jasongamesdev.github.io/need-for-speed-dirft-car/
neon-biker.html	OK	https://neonbikergame.github.io/
neon-hill-rider.html	OK	https://ubgwtf.gitlab.io/neon-hill-rider/
neon-racer.html	OK	https://neonracergame.github.io/
ninja-cat-exploit.html	OK	https://ubg98.github.io/NinjaCatExploit/
ovo-2.html	OK	https://jasongamesdev.github.io/ovo-2/
ovo-dimension.html	OK	https://ubgwtf.gitlab.io/ovo-dimensions/
ovo.html	OK	https://jasongamesdev.github.io/ovo/
pacman-html5.html	OK	https://ubg98.github.io/PacmanHTML5/
papa-cherry-saga.html	OK	https://ubg98.github.io/PapaCherrySaga/
papa-s-burgeria.html	OK	https://jasongamesdev.github.io/papa-s-burgeria/
papa-s-pancakeria.html	OK	https://jasongamesdev.github.io/papa-s-pancakeria/
papa-s-scooperia.html	OK	https://jasongamesdev.github.io/papa-s-scooperia/
papas-burgeria.html	OK	https://jasongamesdev.github.io/papa-s-burgeria/
papas-freezeria.html	OK	https://jasongamesdev.github.io/papas-freezeria/
papas-pancakeria.html	OK	https://jasongamesdev.github.io/papa-s-pancakeria/
papas-pizzeria.html	OK	https://jasongamesdev.github.io/papas-pizzeria/
papas-scooperia.html	OK	https://jasongamesdev.github.io/papa-s-scooperia/
papas-wingeria.html	OK	https://script.google.com/macros/s/AKfycbwyp3PZJQKWIXWdAsBEUn_rwzW5lmR6ATwqhZVS4T_DG4fB4kIefEBcdtZMAQ13QRRf/exec
paper-io.html	OK	https://jasongamesdev.github.io/paper-io/
paperio-2.html	OK	https://jasongamesdev.github.io/paper.io-2/
paperio.html	OK	https://jasongamesdev.github.io/paper-io/
park-out.html	OK	https://ubg98.github.io/ParkOut/
parking-fury-2.html	OK	https://ubg98.github.io/ParkingFury2/
parking-fury-3.html	OK	https://ubg98.github.io/ParkingFury3/
parking-fury.html	OK	https://jasongamesdev.github.io/parking-fury/
parkour-race.html	OK	https://ubgwtf.gitlab.io/parkour-race/
penalty-kick-online.html	OK	https://jasongamesdev.github.io/penalty-kick-online/
penalty-kick.html	OK	https://jasongamesdev.github.io/penalty-kick/
ping-pong-chaos.html	OK	https://jasongamesdev.github.io/ping-pong-chaos/
pixel-shooter.html	OK	https://jasongamesdev.github.io/pixel-shooter/
pizza-tower.html	OK	https://jasongamesdev.github.io/pizza-tower/
police-chase-drifter.html	OK	https://cmug.gitlab.io/police-chase-drifter/
police-chase-real-cop-driver.html	OK	https://mc0825.github.io/g89/class-1181/
polytrack.html	OK	https://jasongamesdev.github.io/polytrack/
poodle-jump.html	OK	https://jasongamesdev.github.io/poodle-jump/
poop-clicker.html	OK	https://jasongamesdev.github.io/poop-clicker/
pop-it-master.html	OK	https://ubgwtf.gitlab.io/pop-it-master/
pou.html	OK	https://ubg98.github.io/Pou/
princesses-prom-night.html	OK	https://cmug.gitlab.io/princesses-prom-night/
pudding-monsters.html	OK	https://ubg98.github.io/PuddingMonsters/
rabbit-samurai-2.html	OK	https://ubg98.github.io/RabbitSamurai2/
racing-monster-trucks.html	OK	https://ubg98.github.io/RacingMonsterTrucks/
raft-wars-2.html	OK	https://ubg98.github.io/RaftWars2/
raft-wars.html	OK	https://jasongamesdev.github.io/raft-wars/
ragdoll-archers.html	OK	https://jasongamesdev.github.io/ragdoll-archers/
ragdoll-hit.html	OK	https://jasongamesdev.github.io/ragdoll-hit/
rally-point.html	OK	https://ubgwtf.gitlab.io/rally-point/
real-flight.html	OK	https://jasongamesdev.github.io/real-flight/
red-ball-4.html	OK	https://redballunblocked.github.io/4/
red-impostor.html	OK	https://jasongamesdev.github.io/red-impostor/
retro-bowl.html	OK	https://jasongamesdev.github.io/retro-bowl/
rocket-soccer-derby.html	OK	https://jasongamesdev.github.io/rocket-soccer-derby/
rooftop-sniper.html	OK	https://jasongamesdev.github.io/rooftop-sniper/
rooftop-snipers.html	OK	https://jasongamesdev.github.io/rooftop-snipers/
roofttop-shooters.html	OK	https://ubgwtf.gitlab.io/rooftop-shooters/
roper.html	OK	https://ubg98.github.io/Roper/
rowdy-wrestling.html	OK	https://htmlxm.github.io/h6/rowdy-wrestling
run-3.html	OK	https://jasongamesdev.github.io/run-3/
rusher-crusher.html	OK	https://ubg98.github.io/RusherCrusher/
save-the-doge.html	OK	https://ubg98.github.io/SaveTheDoge/
sbrunga.html	OK	https://jasongamesdev.github.io/sbrunga/
sci-fi-flight-simulator.html	OK	https://jasongamesdev.github.io/scifi-flight-simulator/
scifi-flight-simulator.html	OK	https://jasongamesdev.github.io/scifi-flight-simulator/
short-life.html	OK	https://jasongamesdev.github.io/short-life/
slice-master-2.html	OK	https://jasongamesdev.github.io/slice-master2/
slice-master.html	OK	https://jasongamesdev.github.io/slice-master/
slice-master2.html	OK	https://jasongamesdev.github.io/slice-master2/
sling-tomb.html	OK	https://ubg98.github.io/SlingTomb/
slope-2.html	OK	https://jasongamesdev.github.io/slope-2/
slope-3.html	OK	https://jasongamesdev.github.io/slope-3/
slope-ball.html	OK	https://jasongamesdev.github.io/slope-ball/
slope-game.html	OK	https://ubg98.github.io/SlopeGame/
slope-run.html	OK	https://jasongamesdev.github.io/slope-run/
slope.html	OK	https://jasongamesdev.github.io/slope/
smash-karts.html	OK	https://jasongamesdev.github.io/smash-karts/
snail-bob-2.html	OK	https://ubg98.github.io/SnailBob2/
snail-bob-3.html	OK	https://ubg98.github.io/SnailBob3/
snail-bob-4.html	OK	https://ubg98.github.io/SnailBob4/
snail-bob-5.html	OK	https://ubg98.github.io/SnailBob5/
snail-bob-6.html	OK	https://ubg98.github.io/SnailBob6/
snail-bob-7.html	OK	https://ubg98.github.io/SnailBob7/
snail-bob-8.html	OK	https://ubg98.github.io/SnailBob8/
snail-bob.html	OK	https://ubg98.github.io/SnailBob/
snakeio.html	OK	https://jasongamesdev.github.io/snake.io/
sniper-rifle-shooting.html	OK	https://jasongamesdev.github.io/sniper-rifle-shooting/
snow-rider-3d.html	OK	https://jasongamesdev.github.io/snow-rider3d/
snow-rider3d.html	OK	https://jasongamesdev.github.io/snow-rider3d/
snowballio.html	OK	https://jasongamesdev.github.io/snowball.io/
soccer-bros.html	OK	https://jasongamesdev.github.io/soccer-bros/
soccer-legends.html	OK	https://jasongamesdev.github.io/soccer-legends/
space-waves.html	OK	https://jasongamesdev.github.io/space-waves/
spacebar-clicker.html	OK	https://jasongamesdev.github.io/spacebar-clicker/
speed-stars.html	OK	https://jasongamesdev.github.io/speed-stars/
spider-solitaire.html	OK	https://spidersolitaireunblocked.github.io/
sprinter.html	OK	https://jasongamesdev.github.io/sprinter/
sprunki-1999.html	OK	https://jasongamesdev.github.io/sprunki-1999/
sprunki-2004.html	OK	https://jasongamesdev.github.io/sprunki-2004/
sprunki-cendi.html	OK	https://jasongamesdev.github.io/sprunki-cendi/
sprunki-clicker.html	OK	https://jasongamesdev.github.io/sprunki-clicker/
sprunki-corruption.html	OK	https://jasongamesdev.github.io/sprunki-corruption/
sprunki-italian-brainrot.html	OK	https://jasongamesdev.github.io/sprunki-italian-brainrot/
sprunki-ketchup.html	OK	https://jasongamesdev.github.io/sprunki-ketchup/
sprunki-phase-21.html	OK	https://jasongamesdev.github.io/sprunki-phase-21/
sprunki-swap-retextured.html	OK	https://jasongamesdev.github.io/sprunki-swap-retextured/
sprunki-the-trevor-mod.html	OK	https://jasongamesdev.github.io/sprunki-the-trevor-mod/
sprunki-warm.html	OK	https://jasongamesdev.github.io/sprunki-warm/
squid-game-3d.html	OK	https://jasongamesdev.github.io/squidgame3d/
squidgame3d.html	OK	https://jasongamesdev.github.io/squidgame3d/
stick-merge-2.html	OK	https://ubg98.github.io/StickMerge2/
stick-merge.html	OK	https://ubg98.github.io/StickMerge/
stickman-archero-fight.html	OK	https://jasongamesdev.github.io/stickman-archero-fight/
stickman-dragon-fight.html	OK	https://ubgwtf.gitlab.io/stickman-dragon-fight/
stickman-fighter-2.html	OK	https://ubgwtf.gitlab.io/stickman-fighter-epic-battle-2/
stickman-fighter-epic-battles.html	OK	https://stickmanfightergame.github.io/
stickman-fighter.html	OK	https://ubgwtf.gitlab.io/stickman-fighter-epic-battle-2/
stickman-hook.html	OK	https://jasongamesdev.github.io/stickman-hook/
street-basketball.html	OK	https://ubgwtf.gitlab.io/street-basketball-1/
street-football-game.html	OK	https://jasongamesdev.github.io/strite-football-game/
strite-football-game.html	OK	https://jasongamesdev.github.io/strite-football-game/
stunt-biker-3d.html	OK	https://ubgwtf.gitlab.io/stunt-biker-3d/
stunt-cars-pro.html	OK	https://cmug.gitlab.io/stunt-cars-pro/
subway-clash-3d.html	OK	https://ubgwtf.gitlab.io/subway-clash-3d/
subway-surfers.html	OK	https://jasongamesdev.github.io/subway-surfers/
super-bike-the-champion.html	OK	https://ubgwtf.gitlab.io/super-bike-the-champion/
super-liquid-soccer.html	OK	https://ubg98.github.io/SuperLiquidSoccer/
super-mario-64.html	OK	https://jasongamesdev.github.io/super-mario-64/
super-mario-wonder.html	OK	https://ubg98.github.io/SuperMarioWonder/
super-mx-the-champion.html	OK	https://ubgwtf.gitlab.io/super-mx-the-champion/
super-star-car.html	OK	https://htmlxm.github.io/h3/super-star-car/
survival-race.html	OK	https://jasongamesdev.github.io/survival-race/
swingo.html	OK	https://jasongamesdev.github.io/swingo/
tag.html	OK	https://jasongamesdev.github.io/tag/
tall-man-run.html	OK	https://jasongamesdev.github.io/tall-man-run/
tank-trouble.html	OK	https://jasongamesdev.github.io/tank-trouble/
tanuki-sunset.html	OK	https://jasongamesdev.github.io/tanuki-sunset/
tap-road.html	OK	https://jasongamesdev.github.io/tap-road/
tap-tap-shots.html	OK	https://jasongamesdev.github.io/tap-tap-shots/
temple-run-2.html	OK	https://jasongamesdev.github.io/temple-run-2/
temple-run.html	OK	https://jasongamesdev.github.io/temple-run/
the-bin-sorting-game.html	OK	https://coolubg2.github.io/coolubg-list/bin-game/
they-are-coming.html	OK	https://jasongamesdev.github.io/they-are-coming/
thorn-and-balloons.html	OK	https://jasongamesdev.github.io/thorn-and-balloons/
thumb-fighter-christmas.html	OK	https://ubgwtf.gitlab.io/thumb-fighter-christmas/
tic-tac-toe.html	OK	https://jasongamesdev.github.io/Tic-Tac-Toe/
time-shooter-2.html	OK	https://jasongamesdev.github.io/time-shooter-2/
time-shooter-3.html	OK	https://jasongamesdev.github.io/time-shooter-3/
tiny-fishing.html	OK	https://jasongamesdev.github.io/tiny-fishing/
toca-boca.html	OK	https://jasongamesdev.github.io/toca-boca/
tomb-of-the-mask.html	OK	https://jasongamesdev.github.io/tomb-of-the-mask/
tomb-of-the-masks.html	OK	https://jasongamesdev.github.io/tomb-of-the-masks/
tower-crash-3d.html	OK	https://ubg98.github.io/TowerCrash3D/
townscaper.html	OK	https://jasongamesdev.github.io/townscaper/
toy-defense.html	OK	https://toydefense.github.io/
traffic-control.html	OK	https://ubg98.github.io/TrafficControl/
traffic-jam-3d.html	OK	https://jasongamesdev.github.io/traffic-jam-3d/
traffic-rider.html	OK	https://jasongamesdev.github.io/traffic-rider/
traffic-rush.html	OK	https://jasongamesdev.github.io/traffic-rush/
traffic-tom.html	OK	https://traffictom.github.io/
tri-peaks-solitaire.html	OK	https://tripeakssolitaire.github.io/
truck-trials.html	OK	https://trucktrials.github.io/
tunnel-rush-2.html	OK	https://ubg98.github.io/TunnelRush2/
tunnel-rush.html	OK	https://jasongamesdev.github.io/tunnel-rush/
turn-turn.html	OK	https://ubg98.github.io/TurnTurn/
unicycle-hero.html	OK	https://jasongamesdev.github.io/unicycle-hero/
uno-online.html	OK	https://jasongamesdev.github.io/uno-online/
vex-3.html	OK	https://jasongamesdev.github.io/vex-3/
vex-4.html	OK	https://jasongamesdev.github.io/vex4/
vex-5.html	OK	https://jasongamesdev.github.io/vex5/
vex-6.html	OK	https://jasongamesdev.github.io/vex6/
vex-7.html	OK	https://ubg98.github.io/Vex7/
vex-8.html	OK	https://ubg98.github.io/Vex8/
vex4.html	OK	https://jasongamesdev.github.io/vex4/
vex5.html	OK	https://jasongamesdev.github.io/vex5/
vex6.html	OK	https://jasongamesdev.github.io/vex6/
village-craft.html	OK	https://vaz63.github.io/g22/class-389
volley-random.html	OK	https://htmlxm.github.io/h9/volley-random/
water-slide-cars.html	OK	https://cmug.gitlab.io/water-slide-cars/
weapon.html	OK	https://ubgwtf.gitlab.io/weapon/
whack-your-boss.html	OK	https://script.google.com/macros/s/AKfycbxOc-bxsIyLUgrwWIpGsK_T9RimKBl9eJSFp5KF7UVrjSNjyRWp-NuPIqj4eH4fk_3K/exec
whack-your-neighbor.html	OK	https://jasongamesdev.github.io/whack-your-neighbor/
wheelie-bike.html	OK	https://jasongamesdev.github.io/wheelie-bike/
wheely-2.html	OK	https://ubg98.github.io/Wheely2/
wheely-3.html	OK	https://ubg98.github.io/Wheely3/
wheely-4.html	OK	https://ubg98.github.io/Wheely4/
wheely-5.html	OK	https://ubg98.github.io/Wheely5/
wheely-6.html	OK	https://ubg98.github.io/Wheely6/
wheely-7.html	OK	https://ubg98.github.io/Wheely7/
wheely-8.html	OK	https://ubg98.github.io/Wheely8/
wood-block-puzzle.html	OK	https://ubg98.github.io/WoodBlockPuzzle/
word-slide.html	OK	https://ubg98.github.io/WordSlide/
wordle-unlimited.html	OK	https://jasongamesdev.github.io/wordle-unlimited/
wordle.html	OK	https://jasongamesdev.github.io/wordle/
world-war-2.html	OK	https://jasongamesdev.github.io/world-war-2/
worlds-hardest-game.html	OK	https://jasongamesdev.github.io/worlds-hardest-game/
wrestle-bros.html	OK	https://jasongamesdev.github.io/wrestle-bros/
